Sample,Slice#,Frac_601(2),Frac_602(2)
511,1,0.009849203745652593,0.9901507962543474
511,2,0.008957256955264175,0.9910427430447358
511,3,0.010116381832000183,0.9898836181679997
511,4,0.015494900912324036,0.984505099087676
511,5,0.005994518810241585,0.9940054811897585
511,6,0.010142293817009184,0.9898577061829908
511,7,0.008918049894395064,0.991081950105605
511,8,0.007058544562815525,0.9929414554371845
511,9,0.012786820268779142,0.9872131797312208
511,10,0.008646582332021221,0.9913534176679787
511,11,0.059852418207362194,0.9401475817926378
511,12,0.01252165324426854,0.9874783467557315
511,13,0.01398869886293954,0.9860113011370604
511,14,0.007205976605057666,0.9927940233949424
511,15,0.028946607610704864,0.9710533923892951
511,16,0.007242915003886873,0.992757084996113
511,17,0.008739451735031309,0.9912605482649687
511,18,0.017693384465079894,0.9823066155349202
511,19,0.009678030303437675,0.9903219696965624
511,20,0.028095484825633284,0.9719045151743667
511,21,0.027109385881056727,0.9728906141189434
511,22,0.017380480423436893,0.9826195195765631
511,23,0.017202769453849617,0.9827972305461504
511,24,0.008905837425830567,0.9910941625741695
512,1,0.020845048175508998,0.979154951824491
512,2,0.009097211503183178,0.9909027884968168
512,3,0.022470904600915324,0.9775290953990847
512,4,0.011712060315066561,0.9882879396849334
512,5,0.12575243729655144,0.8742475627034486
512,6,0.012533802583116276,0.9874661974168838
512,7,0.00571710012550844,0.9942828998744915
512,8,0.017731167207027505,0.9822688327929725
512,9,0.013523440057617615,0.9864765599423824
512,10,0.010338421904673493,0.9896615780953265
512,11,0.009250475476578039,0.990749524523422
512,12,0.02062314453535946,0.9793768554646405
512,13,0.009095788931152815,0.9909042110688472
512,14,0.009989639687777118,0.9900103603122229
512,15,0.01087680900201783,0.9891231909979822
512,16,0.008403873019999312,0.9915961269800007
512,17,0.029841254336033348,0.9701587456639666
512,18,0.017746836031047316,0.9822531639689527
512,19,0.008345071623812426,0.9916549283761875
512,20,0.014224612903695576,0.9857753870963045
512,21,0.013172501660660014,0.9868274983393399
512,22,0.013861307936940778,0.9861386920630593
512,23,0.01735533243141234,0.9826446675685877
513,1,0.013126633928089108,0.9868733660719109
513,2,0.010801020476722224,0.9891989795232778
513,3,0.02242429423803898,0.977575705761961
513,4,0.011116129858294516,0.9888838701417055
513,5,0.009508974728708448,0.9904910252712915
513,6,0.00943189018823661,0.9905681098117634
513,7,0.03162286962524523,0.9683771303747547
513,8,0.01385704906206422,0.9861429509379358
513,9,0.009741306677928059,0.9902586933220718
513,10,0.014660807076573072,0.9853391929234269
513,11,0.00948507500608351,0.9905149249939165
513,12,0.014230876245614001,0.985769123754386
513,13,0.008262202243406385,0.9917377977565937
513,14,0.009655253881847695,0.9903447461181523
513,15,0.015972353330060605,0.9840276466699395
513,16,0.00862228958900208,0.991377710410998
513,17,0.010577112170378619,0.9894228878296213
513,18,0.019997345115715843,0.9800026548842842
513,19,0.015334943819903402,0.9846650561800966
513,20,0.013588141944516217,0.9864118580554837
513,21,0.019780176787471432,0.9802198232125285
513,22,0.011938444156951767,0.9880615558430482
513,23,0.012118686930640854,0.9878813130693591
513,24,0.010680517026110696,0.9893194829738894
514,1,0.010254319138600152,0.9897456808613999
514,2,0.009466660253801945,0.9905333397461981
514,3,0.013071346893681954,0.986928653106318
514,4,0.013149431708705224,0.9868505682912948
514,5,0.012786385676023476,0.9872136143239765
514,6,0.011872889869554272,0.9881271101304457
514,7,0.011897291595155643,0.9881027084048443
514,8,0.011204286312374375,0.9887957136876255
514,9,0.011921727215452973,0.9880782727845471
514,10,0.01149184494010956,0.9885081550598904
514,11,0.010893688804506621,0.9891063111954934
514,12,0.009379042491020591,0.9906209575089794
514,13,0.019442735643800658,0.9805572643561993
514,14,0.010426319102485688,0.9895736808975144
514,15,0.0051565382703289,0.9948434617296712
514,16,0.004369323700146287,0.9956306762998537
514,17,0.02313111790817352,0.9768688820918265
514,18,0.012980429406232112,0.9870195705937679
514,19,0.008553244815191544,0.9914467551848084
514,20,0.011492838695271297,0.9885071613047287
514,21,0.025126101843419322,0.9748738981565807
514,22,0.008901330137326273,0.9910986698626737
514,23,0.018592807944924492,0.9814071920550755
514,24,0.012169022841502437,0.9878309771584977
515,1,0.01087693814869464,0.9891230618513054
515,2,0.01526357723367359,0.9847364227663263
515,3,0.008504364697743844,0.9914956353022562
515,4,0.008992575777270131,0.9910074242227299
515,5,0.0056365862054893814,0.9943634137945105
515,6,0.4831069774436219,0.516893022556378
515,7,0.011487882016666848,0.9885121179833332
515,8,0.014281324195440101,0.9857186758045599
515,9,0.010043385226168135,0.9899566147738319
515,10,0.026382904794078125,0.9736170952059218
515,11,0.003222282172549589,0.9967777178274504
515,12,0.02505305770874642,0.9749469422912534
515,13,0.025208550940076742,0.9747914490599232
515,14,0.007144829187498933,0.9928551708125011
515,15,0.013456106831597384,0.9865438931684026
515,16,0.026866009136480386,0.9731339908635196
515,17,0.020521824540569604,0.9794781754594304
515,18,0.014936860369968798,0.9850631396300312
515,19,0.01149367990586799,0.988506320094132
515,20,0.04251281471440172,0.9574871852855983
515,21,0.011246133553696375,0.9887538664463036
515,22,0.017055983260288003,0.982944016739712
515,23,0.014409119295209745,0.9855908807047902
515,24,0.00756850709574049,0.9924314929042595
516,1,0.012560133529149198,0.9874398664708508
516,2,0.011032287976364704,0.9889677120236353
516,3,0.010965267156188252,0.9890347328438117
516,4,0.008923058002857039,0.9910769419971429
516,5,0.007149895461312959,0.992850104538687
516,6,0.008232544040740546,0.9917674559592595
516,7,0.01073527390393653,0.9892647260960634
516,8,0.013102673374126343,0.9868973266258737
516,9,0.006889201708652453,0.9931107982913476
516,10,0.018484119704958498,0.9815158802950416
516,11,0.01128395837423142,0.9887160416257686
516,12,0.012427695626099727,0.9875723043739003
516,13,0.0065358796700753395,0.9934641203299246
516,14,0.007402093834497516,0.9925979061655026
516,15,0.010700911901101862,0.9892990880988981
516,16,0.013796003349703788,0.9862039966502961
516,17,0.008986865372148024,0.991013134627852
516,18,0.009355088301809845,0.9906449116981902
516,19,0.014512440284086464,0.9854875597159135
516,20,0.012216946304603132,0.9877830536953969
516,21,0.011214374229252621,0.9887856257707474
516,22,0.008245364972086732,0.9917546350279133
516,23,0.016107970722022198,0.9838920292779777
516,24,0.016314526013272594,0.9836854739867275
517,1,0.0073961883471504305,0.9926038116528496
517,2,0.00930242784024302,0.9906975721597571
517,3,0.012983635920932527,0.9870163640790676
517,4,0.007032985484638924,0.9929670145153611
517,5,0.006981975950298404,0.9930180240497016
517,6,0.010846094443774571,0.9891539055562254
517,7,0.010354493845390646,0.9896455061546093
517,8,0.00964381204947638,0.9903561879505237
517,9,0.012031697131907854,0.9879683028680922
517,10,0.015710489404784367,0.9842895105952156
517,11,0.00799049141388401,0.9920095085861159
517,12,0.011016949752282363,0.9889830502477176
517,13,0.008894362955029836,0.9911056370449702
517,14,0.011945470934241094,0.988054529065759
517,15,0.015136032687250537,0.9848639673127495
517,16,0.009579255184474725,0.9904207448155252
517,17,0.012063263506771556,0.9879367364932283
517,18,0.006228187696075462,0.9937718123039244
517,19,0.007222354313929134,0.992777645686071
517,20,0.012259522401376627,0.9877404775986234
517,21,0.011205781016747863,0.9887942189832521
517,22,0.011290215849037631,0.9887097841509624
517,23,0.009267002256335283,0.9907329977436647
517,24,0.012089158813872085,0.9879108411861279
518,1,0.013938678537855935,0.9860613214621441
518,2,0.008730355364219067,0.9912696446357808
518,3,0.007924239538370431,0.9920757604616296
518,4,0.008500015730533706,0.9914999842694663
518,5,0.010526911776340034,0.98947308822366
518,6,0.010349741847151695,0.9896502581528483
518,7,0.01768819909090896,0.9823118009090911
518,8,0.011181489850994245,0.9888185101490058
518,9,0.012599467766843444,0.9874005322331565
518,10,0.006462424805331426,0.9935375751946686
518,11,0.008634266499533406,0.9913657335004666
518,12,0.009591214449312905,0.9904087855506871
518,13,0.0112511234982403,0.9887488765017597
518,14,0.008147727462931222,0.9918522725370688
518,15,0.012698395825835674,0.9873016041741643
518,16,0.01009450231527085,0.9899054976847291
518,17,0.009910202609866463,0.9900897973901336
518,18,0.010880882799442678,0.9891191172005572
518,19,0.013787445347243715,0.9862125546527564
518,20,0.010813614689976268,0.9891863853100237
518,21,0.008714118905173481,0.9912858810948266
518,22,0.00966397203725121,0.9903360279627488
518,23,0.009510214949245168,0.9904897850507548
518,24,0.00820554415972645,0.9917944558402736
522(2),1,0.00830155299563073,0.9916984470043693
522(2),2,0.004237122363294663,0.9957628776367053
522(2),3,0.006842996478483026,0.9931570035215169
522(2),4,0.007814801882602793,0.9921851981173972
522(2),5,0.0038798031731944686,0.9961201968268055
522(2),6,0.006047327856547405,0.9939526721434525
522(2),7,0.0038708576936697767,0.9961291423063302
522(2),8,0.0053823956351762925,0.9946176043648236
522(2),9,0.005529844672480236,0.9944701553275197
522(2),10,0.005865938555009971,0.9941340614449901
522(2),11,0.005078677706492176,0.9949213222935078
522(2),12,0.005129155257623206,0.9948708447423769
522(2),13,0.006069448415441805,0.9939305515845581
522(2),14,0.006353958892681528,0.9936460411073185
522(2),15,0.005923707592024283,0.9940762924079757
522(2),16,0.006292740004994644,0.9937072599950054
522(2),17,0.0038311095139003716,0.9961688904860996
522(2),18,0.004571216073813175,0.9954287839261867
522(2),19,0.0022268768794447297,0.9977731231205553
522(2),20,0.0072080050561586445,0.9927919949438413
522(2),21,0.005805468350446153,0.9941945316495537
522(2),22,0.005880017361392156,0.9941199826386078
522(2),23,0.004737078021580439,0.9952629219784196
522(2),24,0.008533463284282833,0.9914665367157172
523(2),1,0.005304277058673872,0.9946957229413261
523(2),2,0.007837806817490064,0.99216219318251
523(2),3,0.016035805167466444,0.9839641948325335
523(2),4,0.006796059205819147,0.993203940794181
523(2),5,0.010348338415025828,0.9896516615849741
523(2),6,0.014306172187479706,0.9856938278125204
523(2),7,0.006022322783931332,0.9939776772160687
523(2),8,0.011939994421794078,0.9880600055782058
523(2),9,0.012719939539961027,0.9872800604600389
523(2),10,0.0031631397149216294,0.9968368602850783
523(2),11,0.013564226999788728,0.9864357730002112
523(2),12,0.004487006313679853,0.9955129936863202
523(2),13,0.010573051938240614,0.9894269480617593
523(2),14,0.017425438442884727,0.9825745615571153
523(2),15,0.014007662894294209,0.9859923371057059
523(2),16,0.007916921280809503,0.9920830787191905
523(2),17,0.02141323507778852,0.9785867649222114
523(2),18,0.020820934946335447,0.9791790650536645
523(2),19,0.01213702051229474,0.9878629794877053
523(2),20,0.010318396652522049,0.9896816033474779
523(2),21,0.012200597504826072,0.987799402495174
523(2),22,0.00702876574083128,0.9929712342591688
523(2),23,0.010009466949038906,0.9899905330509611
523(2),24,0.007082139208198888,0.9929178607918011
524(2),1,0.006127046114358648,0.9938729538856415
524(2),2,0.8401543502950055,0.1598456497049945
524(2),3,0.007632910306160761,0.9923670896938392
524(2),4,0.027533721281160658,0.9724662787188394
524(2),5,0.05937917587896982,0.9406208241210302
524(2),6,0.011007480993980929,0.988992519006019
524(2),7,0.007024423358428618,0.9929755766415714
524(2),8,0.018099306613955517,0.9819006933860445
524(2),9,0.0343760780686478,0.9656239219313522
524(2),10,0.00421366820273073,0.9957863317972693
524(2),11,0.01854732729469058,0.9814526727053093
524(2),12,0.032026872929170086,0.9679731270708298
524(2),13,0.006027397888410278,0.9939726021115897
524(2),14,0.017290540276779058,0.9827094597232209
524(2),15,0.0075637345957287935,0.9924362654042712
524(2),16,0.008487972940281127,0.991512027059719
524(2),17,0.003887433891508564,0.9961125661084914
524(2),18,0.007092464493035843,0.9929075355069642
524(2),19,0.009534164534030946,0.990465835465969
524(2),20,0.028920522141771512,0.9710794778582285
524(2),21,0.010254088357182636,0.9897459116428174
524(2),22,0.012775143229468829,0.9872248567705312
524(2),23,0.01282105983713654,0.9871789401628634
524(2),24,0.03522381619832092,0.9647761838016791
526(2),1,0.00834610842874225,0.9916538915712577
526(2),2,0.012026003171779385,0.9879739968282206
526(2),3,0.003360323639613038,0.996639676360387
526(2),4,0.017831686605293676,0.9821683133947064
526(2),5,0.009158325949657839,0.9908416740503421
526(2),6,0.0029455542377347004,0.9970544457622654
526(2),7,0.004589293943123439,0.9954107060568766
526(2),8,0.00574229199365482,0.9942577080063452
526(2),9,0.009187533242268467,0.9908124667577316
526(2),10,0.003677693299238659,0.9963223067007614
526(2),11,0.004746642968382108,0.9952533570316179
526(2),12,0.009388334778668838,0.9906116652213312
526(2),13,0.0036712835485106284,0.9963287164514893
526(2),14,0.006258647386796719,0.9937413526132033
526(2),15,0.01333986806192919,0.9866601319380708
526(2),16,0.005490829868959358,0.9945091701310406
526(2),17,0.010508023731815813,0.9894919762681842
526(2),18,0.010985367622709657,0.9890146323772904
526(2),19,0.011863961568767312,0.9881360384312327
526(2),20,0.004469595365233207,0.9955304046347668
526(2),21,0.005771826106116584,0.9942281738938835
526(2),22,0.0091360103912592,0.9908639896087408
526(2),23,0.0035126353826329046,0.9964873646173671
526(2),24,0.004783863251154812,0.9952161367488451
527(2),1,0.015107409463775834,0.9848925905362241
527(2),2,0.005226370849146887,0.9947736291508531
527(2),3,0.0076519478582121854,0.9923480521417879
527(2),4,0.012464437945368535,0.9875355620546314
527(2),5,0.011121894865762502,0.9888781051342376
527(2),6,0.009769550830885283,0.9902304491691147
527(2),7,0.010090908789401505,0.9899090912105986
527(2),8,0.007076080694736327,0.9929239193052638
527(2),9,0.006894438128216497,0.9931055618717834
527(2),10,0.00377079054149028,0.9962292094585098
527(2),11,0.011485482081758817,0.9885145179182412
527(2),12,0.007769965104447544,0.9922300348955525
527(2),13,0.0027967841891796516,0.9972032158108204
527(2),14,0.008556499061824754,0.9914435009381752
527(2),15,0.004507655782862533,0.9954923442171374
527(2),16,0.016331576907936764,0.9836684230920633
527(2),17,0.008491145009929668,0.9915088549900704
527(2),18,0.011620843830029766,0.9883791561699702
527(2),19,0.005334361580018775,0.9946656384199812
527(2),20,0.006613649858656966,0.993386350141343
527(2),21,0.00944309212380161,0.9905569078761983
527(2),22,0.011729387695535914,0.988270612304464
527(2),23,0.018335972226400796,0.9816640277735992
527(2),24,0.01088491336475861,0.9891150866352413
529(2),1,0.005693537506074324,0.9943064624939257
529(2),2,0.006388491956918856,0.9936115080430812
529(2),3,0.002303693603884312,0.9976963063961157
529(2),4,0.004699991711440445,0.9953000082885596
529(2),5,0.012446650058972327,0.9875533499410276
529(2),6,0.013974577381035795,0.9860254226189642
529(2),7,0.008117445581619049,0.9918825544183809
529(2),8,0.015572950560471909,0.9844270494395281
529(2),9,0.03499669167793853,0.9650033083220614
529(2),10,0.011086688628255414,0.9889133113717445
529(2),11,0.015580447791117256,0.9844195522088828
529(2),12,0.01698581145424249,0.9830141885457576
529(2),13,0.010287628498222295,0.9897123715017777
529(2),14,0.00396691103220065,0.9960330889677994
529(2),15,0.0076652976403254755,0.9923347023596745
529(2),16,0.0061205285216556935,0.9938794714783443
529(2),17,0.006132168909201919,0.993867831090798
529(2),18,0.004953971370216773,0.9950460286297832
529(2),19,0.005203369598576007,0.994796630401424
529(2),20,0.009867326708660145,0.9901326732913398
529(2),21,0.004851031382792171,0.9951489686172078
529(2),22,0.012456989475268685,0.9875430105247313
529(2),23,0.010306810499220085,0.9896931895007799
529(2),24,0.012611150014402866,0.9873888499855971
530(2),1,0.3462180892581925,0.6537819107418074
530(2),2,0.024218749409015087,0.975781250590985
530(2),3,0.11076290256039752,0.8892370974396024
530(2),4,0.024148714840089614,0.9758512851599104
530(2),5,0.003384315282346942,0.9966156847176532
530(2),6,0.3554985389296518,0.6445014610703483
530(2),7,0.01294827127310051,0.9870517287268995
530(2),8,0.0019996358277718676,0.998000364172228
530(2),9,0.002890151413646,0.9971098485863539
530(2),10,0.0035639746859943344,0.9964360253140057
530(2),11,0.020253441355204464,0.9797465586447955
530(2),12,0.008624617751870237,0.9913753822481298
530(2),13,0.0023889535504486472,0.9976110464495515
530(2),14,0.012098613564697663,0.9879013864353023
530(2),15,0.010401483466772995,0.989598516533227
530(2),16,0.0025842062728591124,0.997415793727141
530(2),17,0.018657292604426404,0.9813427073955737
530(2),18,0.005118658826947283,0.9948813411730528
530(2),19,0.8945296819385139,0.10547031806148603
530(2),20,0.011249008838404823,0.9887509911615953
530(2),21,0.776209338918447,0.223790661081553
530(2),22,0.010318984792569812,0.9896810152074302
530(2),23,0.005088655556291313,0.9949113444437088
530(2),24,0.03564144566784689,0.9643585543321531
535,1,0.010572131464049249,0.9894278685359507
535,2,0.023019931886127786,0.9769800681138723
535,3,0.026987768460942887,0.9730122315390571
535,4,0.012521628938087566,0.9874783710619124
535,5,0.013795533121457995,0.986204466878542
535,6,0.01182410405030157,0.9881758959496985
535,7,0.015627629752548534,0.9843723702474515
535,8,0.013343471104740188,0.9866565288952599
535,9,0.02466124447454096,0.9753387555254591
535,10,0.01798869865275678,0.9820113013472432
535,11,0.015647399796452334,0.9843526002035476
535,12,0.009049658512646622,0.9909503414873534
535,13,0.011906289920439786,0.9880937100795603
535,14,0.013812627742254804,0.9861873722577451
535,15,0.010440313592352138,0.9895596864076479
535,16,0.019056733044270562,0.9809432669557294
535,17,0.01660354913430548,0.9833964508656946
535,18,0.026127023001331608,0.9738729769986684
535,19,0.007683854128307061,0.9923161458716929
535,20,0.03303188189513793,0.966968118104862
535,21,0.01372922128686433,0.9862707787131357
535,22,0.012624787474700125,0.9873752125252998
535,23,0.01940567263716491,0.980594327362835
535,24,0.010388191205304285,0.9896118087946957
601(2),1,0.03382740624977384,0.9661725937502261
601(2),2,0.008863716003602763,0.9911362839963972
601(2),3,0.2716923492901517,0.7283076507098483
601(2),4,0.7925295512654476,0.20747044873455256
601(2),5,0.051834526596661504,0.9481654734033385
601(2),6,0.012552992059912907,0.9874470079400871
601(2),7,0.39178841604645903,0.608211583953541
601(2),8,0.04746806877237788,0.9525319312276221
601(2),9,0.035087072195992504,0.9649129278040075
601(2),10,0.021550714738673697,0.9784492852613262
601(2),11,0.059353990848453136,0.9406460091515468
601(2),12,0.3728719310742963,0.6271280689257037
601(2),13,0.31052949771563565,0.6894705022843645
601(2),14,0.006271288974835842,0.9937287110251641
601(2),15,0.02076080643633831,0.9792391935636617
601(2),16,0.0030652297559571433,0.996934770244043
601(2),17,0.8156407048953336,0.18435929510466642
601(2),18,0.018746809684088504,0.9812531903159116
601(2),19,0.07653448465983734,0.9234655153401626
601(2),20,0.0036083534075573563,0.9963916465924426
601(2),21,0.023242226411569002,0.9767577735884311
601(2),22,0.01175474338085993,0.9882452566191401
601(2),23,0.8782314798781548,0.12176852012184536
601(2),24,0.47430765630450017,0.5256923436954999
602(2),1,0.012411060880305386,0.9875889391196946
602(2),2,0.00473275946725378,0.9952672405327462
602(2),3,0.005992896194477383,0.9940071038055226
602(2),4,0.016174855276975257,0.9838251447230247
602(2),5,0.0447063085226574,0.9552936914773426
602(2),6,0.011204745450923509,0.9887952545490766
602(2),7,0.005281596368338754,0.9947184036316613
602(2),8,0.010314499644500364,0.9896855003554997
602(2),9,0.014560920861724929,0.9854390791382751
602(2),10,0.005941586873642011,0.994058413126358
602(2),11,0.003001585042334137,0.9969984149576658
602(2),12,0.13005431157018882,0.8699456884298112
602(2),13,0.015502321313181916,0.984497678686818
602(2),14,0.003281154141733876,0.9967188458582662
602(2),15,0.9618433003631386,0.03815669963686153
602(2),16,0.03988397397986743,0.9601160260201326
602(2),17,0.007683707264287653,0.9923162927357124
602(2),18,0.02096434842741639,0.9790356515725837
602(2),19,0.003717462486441285,0.9962825375135588
602(2),20,0.01880821614994623,0.9811917838500538
602(2),21,0.1571807640100873,0.8428192359899128
602(2),22,0.016149877177577553,0.9838501228224225
602(2),23,0.0017760908282994068,0.9982239091717006
602(2),24,0.0008188562027230694,0.999181143797277
