Sample,Slice#,Frac_511,Frac_535
511,1,0.0,1.0
511,2,0.052901981575235416,0.9470980184247646
511,3,0.10131494315787996,0.8986850568421201
511,4,1.0,0.0
511,5,0.02110090678318974,0.9788990932168102
511,6,0.027608480646439736,0.9723915193535603
511,7,0.041422444595039375,0.9585775554049606
511,8,0.030648883966093304,0.9693511160339067
511,9,0.9848966358588626,0.015103364141137426
511,10,0.0,1.0
511,11,0.9519709615094455,0.04802903849055456
511,12,0.9986715360472783,0.0013284639527217186
511,13,0.12366173286904454,0.8763382671309555
511,14,0.03220071374840641,0.9677992862515936
511,15,0.96319156105321,0.03680843894679006
511,16,0.03762833285692529,0.9623716671430748
511,17,0.008326623913131685,0.9916733760868683
511,18,0.32834438067209937,0.6716556193279007
511,19,0.15510913936707668,0.8448908606329234
511,20,0.9792656637461411,0.020734336253858895
511,21,0.9500085288511005,0.04999147114889937
511,22,0.9748014021262313,0.02519859787376867
511,23,0.9759971070171385,0.024002892982861575
511,24,0.03210010675177506,0.9678998932482249
512,1,0.9764410364400387,0.023558963559961333
512,2,0.0,1.0
512,3,0.963452711892288,0.036547288107711996
512,4,0.41463717596501165,0.5853628240349883
512,5,0.9686553812971408,0.03134461870285925
512,6,0.38028034824352425,0.6197196517564758
512,7,0.0,1.0
512,8,0.9734636758916175,0.026536324108382504
512,9,0.8089474144274602,0.1910525855725398
512,10,0.0,1.0
512,11,0.01185627856551666,0.9881437214344834
512,12,0.9554239452137394,0.0445760547862606
512,13,0.0,1.0
512,14,0.0,1.0
512,15,0.037525199648041456,0.9624748003519585
512,16,0.0,1.0
512,17,0.9339295781033468,0.06607042189665321
512,18,0.9860463322930714,0.013953667706928689
512,19,0.0,1.0
512,20,0.981536837210907,0.018463162789093043
512,21,0.9836729093395542,0.01632709066044583
512,22,0.449666812991498,0.5503331870085021
512,23,0.3760176693860245,0.6239823306139756
513,1,0.5988147678398524,0.4011852321601476
513,2,0.0,1.0
513,3,0.26788514651660317,0.7321148534833968
513,4,0.6962274809860782,0.30377251901392177
513,5,0.0,1.0
513,6,0.0,1.0
513,7,1.0,0.0
513,8,0.9798576561410779,0.02014234385892202
513,9,0.021912784496067973,0.9780872155039321
513,10,0.812936687162304,0.18706331283769592
513,11,0.0,1.0
513,12,0.9806906199777381,0.019309380022261992
513,13,0.0,1.0
513,14,0.020834821090256632,0.9791651789097434
513,15,0.9404576338843131,0.05954236611568691
513,16,0.002402176047610859,0.9975978239523892
513,17,0.0,1.0
513,18,0.9834518548419116,0.016548145158088383
513,19,0.9825250947104227,0.01747490528957731
513,20,0.9843810739502471,0.01561892604975291
513,21,0.9698941938923505,0.03010580610764948
513,22,1.0,0.0
513,23,0.0,1.0
513,24,0.07442633154608091,0.925573668453919
514,1,0.9803935919034495,0.019606408096550395
514,2,0.0,1.0
514,3,0.19277869734160666,0.8072213026583933
514,4,0.9913777594000603,0.008622240599939596
514,5,0.9863935851910104,0.013606414808989527
514,6,0.43647221530260555,0.5635277846973945
514,7,0.01980315359901452,0.9801968464009855
514,8,0.15838165075651106,0.841618349243489
514,9,0.3816598306084328,0.6183401693915672
514,10,0.002375724604208909,0.9976242753957911
514,11,0.47250547425227646,0.5274945257477236
514,12,0.6843494136245412,0.31565058637545884
514,13,0.9651122162886095,0.034887783711390466
514,14,0.36275866517587824,0.6372413348241218
514,15,0.9794290017088642,0.020570998291135793
514,16,0.0,1.0
514,17,0.9766351176012872,0.023364882398712702
514,18,0.029510226786772613,0.9704897732132274
514,19,0.0,1.0
514,20,0.0,1.0
514,21,0.9922341597995694,0.007765840200430635
514,22,0.0009078805596225428,0.9990921194403775
514,23,0.9850573295682764,0.014942670431723622
514,24,0.5173280193196668,0.4826719806803333
515,1,0.15209448497129638,0.8479055150287036
515,2,0.973832592798724,0.026167407201275958
515,3,0.002670663027304613,0.9973293369726954
515,4,0.03751527616364223,0.9624847238363577
515,5,0.00431061862668697,0.9956893813733131
515,6,0.9367865259417885,0.06321347405821158
515,7,0.004285504524392947,0.9957144954756071
515,8,0.9555533279916644,0.04444667200833569
515,9,0.0,1.0
515,10,0.9612958619645862,0.03870413803541382
515,11,0.040220150689808415,0.9597798493101917
515,12,0.9618121389581054,0.038187861041894644
515,13,0.9088139156320012,0.09118608436799885
515,14,0.0013570693468045114,0.9986429306531954
515,15,0.738566160577918,0.2614338394220819
515,16,0.9625334677444186,0.0374665322555814
515,17,0.9714540842574098,0.028545915742590224
515,18,0.9742481645882596,0.025751835411740354
515,19,0.6942814612885975,0.3057185387114024
515,20,0.9653480421673127,0.03465195783268732
515,21,0.060840142578290624,0.9391598574217094
515,22,0.05524992123517562,0.9447500787648244
515,23,0.9713087018052637,0.028691298194736207
515,24,0.03412665433659979,0.9658733456634001
516,1,0.0,1.0
516,2,0.06199886702197059,0.9380011329780293
516,3,0.00836273902213161,0.9916372609778684
516,4,0.02054944254388593,0.9794505574561141
516,5,0.042563702990677445,0.9574362970093225
516,6,0.0,1.0
516,7,0.012068064360360583,0.9879319356396394
516,8,0.019044371146989234,0.9809556288530107
516,9,0.014174068533700299,0.9858259314662997
516,10,0.968536596970888,0.03146340302911201
516,11,0.0,1.0
516,12,0.40957788059834166,0.5904221194016585
516,13,0.0,1.0
516,14,0.0,1.0
516,15,0.05406026774738586,0.9459397322526142
516,16,0.01876866382269924,0.9812313361773007
516,17,0.0,1.0
516,18,0.03525912027458198,0.964740879725418
516,19,0.019522089006614316,0.9804779109933857
516,20,0.3701430113603532,0.6298569886396468
516,21,0.03664863281358042,0.9633513671864197
516,22,0.03002944189261105,0.969970558107389
516,23,1.0,0.0
516,24,0.9798005689866535,0.020199431013346612
517,1,0.004604903662420153,0.9953950963375798
517,2,0.06980770597121733,0.9301922940287827
517,3,0.033373172541218736,0.9666268274587813
517,4,0.016739381801931057,0.983260618198069
517,5,0.002459010251084466,0.9975409897489156
517,6,0.0,1.0
517,7,0.10362921777439334,0.8963707822256066
517,8,0.0,1.0
517,9,0.0,1.0
517,10,0.5945187961971873,0.40548120380281266
517,11,0.006716672207387427,0.9932833277926125
517,12,0.3602709353741482,0.6397290646258519
517,13,0.0,1.0
517,14,0.4245741082848397,0.5754258917151603
517,15,0.9819255695973725,0.018074430402627552
517,16,0.009697555321583461,0.9903024446784165
517,17,0.46311209490770483,0.5368879050922951
517,18,0.005771448788406274,0.9942285512115938
517,19,0.005216906333957859,0.9947830936660422
517,20,0.41569588961695697,0.5843041103830431
517,21,0.021332338796084843,0.9786676612039151
517,22,0.9199972034842608,0.0800027965157391
517,23,0.0046803572854736755,0.9953196427145263
517,24,0.15128519693032114,0.8487148030696788
518,1,0.990882709719797,0.009117290280203047
518,2,0.0,1.0
518,3,0.012010352596030557,0.9879896474039694
518,4,0.0,1.0
518,5,0.1260418674405105,0.8739581325594895
518,6,0.18947537438217066,0.8105246256178293
518,7,0.9880413831247777,0.011958616875222325
518,8,0.6642141711061498,0.33578582889385017
518,9,0.9010011247379973,0.09899887526200261
518,10,0.0063687451419410035,0.993631254858059
518,11,0.0,1.0
518,12,0.008135193037053692,0.9918648069629463
518,13,0.9952167160377107,0.004783283962289344
518,14,0.0,1.0
518,15,0.9919235414185573,0.008076458581442687
518,16,0.003478154814094137,0.9965218451859058
518,17,0.2995364475798416,0.7004635524201585
518,18,0.24085776376667792,0.7591422362333221
518,19,0.9910437296056197,0.008956270394380269
518,20,0.4640776930275118,0.5359223069724881
518,21,0.0008160500780399809,0.99918394992196
518,22,0.006812108082345841,0.9931878919176542
518,23,0.010578229193723945,0.989421770806276
518,24,0.0021968401103847897,0.9978031598896152
522(2),1,0.0045755783770636,0.9954244216229364
522(2),2,0.00883706527325219,0.9911629347267478
522(2),3,0.00875778332244869,0.9912422166775513
522(2),4,0.0005262931744518628,0.9994737068255481
522(2),5,0.0035803784983477064,0.9964196215016523
522(2),6,0.009807546731549932,0.9901924532684502
522(2),7,0.004110623664598376,0.9958893763354016
522(2),8,0.0024374702936524805,0.9975625297063475
522(2),9,0.005894257870323663,0.9941057421296764
522(2),10,0.003214313866536055,0.996785686133464
522(2),11,0.0,1.0
522(2),12,0.006295172091484426,0.9937048279085157
522(2),13,0.007459088385535846,0.9925409116144641
522(2),14,0.0,1.0
522(2),15,0.0008920097733950707,0.9991079902266049
522(2),16,0.0,1.0
522(2),17,0.008474745384251765,0.9915252546157483
522(2),18,0.006607499088104181,0.9933925009118958
522(2),19,0.009423653643857659,0.9905763463561423
522(2),20,0.0,1.0
522(2),21,0.0,1.0
522(2),22,0.0064907705898045835,0.9935092294101954
522(2),23,0.0,1.0
522(2),24,0.0,1.0
523(2),1,0.04596636419068908,0.9540336358093109
523(2),2,0.05430356590367926,0.9456964340963206
523(2),3,0.9674801132412495,0.03251988675875045
523(2),4,0.04349067517016654,0.9565093248298334
523(2),5,0.07028667392623425,0.9297133260737658
523(2),6,1.0,0.0
523(2),7,0.05072509014267686,0.9492749098573231
523(2),8,0.1638251152965313,0.8361748847034687
523(2),9,0.5481720179395283,0.45182798206047187
523(2),10,0.06042541951040062,0.9395745804895994
523(2),11,1.0,0.0
523(2),12,0.06247496908822688,0.9375250309117731
523(2),13,0.09817713603484772,0.9018228639651523
523(2),14,1.0,0.0
523(2),15,1.0,0.0
523(2),16,0.08823187540515347,0.9117681245948466
523(2),17,1.0,0.0
523(2),18,1.0,0.0
523(2),19,0.4259989910112524,0.5740010089887477
523(2),20,0.22757974217624116,0.7724202578237588
523(2),21,0.13557868042088803,0.8644213195791121
523(2),22,0.05284605992324589,0.9471539400767541
523(2),23,0.08377151300908675,0.9162284869909133
523(2),24,0.059460719371916264,0.9405392806280838
524(2),1,0.10979033204222692,0.8902096679577731
524(2),2,0.8622150471071155,0.13778495289288453
524(2),3,0.08996908037338458,0.9100309196266154
524(2),4,0.9671373301799177,0.03286266982008227
524(2),5,0.9882623911028421,0.011737608897157968
524(2),6,0.16071866159625364,0.8392813384037463
524(2),7,0.025756827449887703,0.9742431725501123
524(2),8,0.4893573404889542,0.5106426595110459
524(2),9,0.90789313533274,0.09210686466725995
524(2),10,0.03912563590859098,0.9608743640914089
524(2),11,0.9590119710399595,0.04098802896004039
524(2),12,0.9349207608628648,0.06507923913713506
524(2),13,0.067894772338746,0.932105227661254
524(2),14,0.9526628924305998,0.047337107569400266
524(2),15,0.07915082400622629,0.9208491759937736
524(2),16,0.10038679442741667,0.8996132055725834
524(2),17,0.077309868685732,0.922690131314268
524(2),18,0.006579292681765497,0.9934207073182345
524(2),19,0.04780866294739392,0.9521913370526062
524(2),20,0.9095274011113981,0.09047259888860192
524(2),21,0.020086020895099047,0.9799139791049011
524(2),22,0.57580716664523,0.4241928333547701
524(2),23,0.0,1.0
524(2),24,0.4339610998570769,0.5660389001429231
526(2),1,0.02849649824457963,0.9715035017554204
526(2),2,0.6435051021630951,0.3564948978369049
526(2),3,0.06735480188080664,0.9326451981191933
526(2),4,1.0,0.0
526(2),5,0.04357562362209224,0.9564243763779078
526(2),6,0.06049094920191465,0.9395090507980852
526(2),7,0.03421251843946704,0.965787481560533
526(2),8,0.04166428647999607,0.9583357135200039
526(2),9,0.03547076763619976,0.9645292323638003
526(2),10,0.022144164498435245,0.9778558355015647
526(2),11,0.03188269243942094,0.9681173075605791
526(2),12,0.03939147041453272,0.9606085295854673
526(2),13,0.030359213107804046,0.969640786892196
526(2),14,0.030481355992780304,0.9695186440072198
526(2),15,0.5403493235665962,0.45965067643340385
526(2),16,0.04059053968989911,0.959409460310101
526(2),17,0.04880178019914893,0.9511982198008511
526(2),18,0.7168580235095442,0.28314197649045575
526(2),19,0.3036402604729064,0.6963597395270936
526(2),20,0.04718800390287847,0.9528119960971215
526(2),21,0.015568933341679149,0.9844310666583208
526(2),22,0.040320548041090684,0.9596794519589094
526(2),23,0.02412105717777988,0.9758789428222201
526(2),24,0.034101106170867944,0.9658988938291321
527(2),1,0.9898086747040231,0.010191325295976873
527(2),2,0.017465272406016356,0.9825347275939836
527(2),3,0.06386668471078125,0.9361333152892187
527(2),4,0.8604939695067679,0.13950603049323212
527(2),5,0.22010985889711837,0.7798901411028817
527(2),6,0.046364656651909496,0.9536353433480904
527(2),7,0.03170381958043225,0.9682961804195678
527(2),8,0.041146037537093456,0.9588539624629064
527(2),9,0.03168268396726888,0.9683173160327311
527(2),10,0.040662281685589,0.9593377183144111
527(2),11,0.339866451443066,0.6601335485569341
527(2),12,0.023141130427309017,0.976858869572691
527(2),13,0.05133748264113094,0.9486625173588691
527(2),14,0.057407998201733,0.942592001798267
527(2),15,0.024614093206557726,0.9753859067934423
527(2),16,1.0,0.0
527(2),17,0.032667249950652975,0.967332750049347
527(2),18,0.20670640730462878,0.7932935926953711
527(2),19,0.024579616357917933,0.9754203836420821
527(2),20,0.02545869624800984,0.9745413037519901
527(2),21,0.034527624910908106,0.9654723750890919
527(2),22,0.08392119990090678,0.9160788000990931
527(2),23,0.9653014533343028,0.03469854666569714
527(2),24,0.4556635086892628,0.5443364913107372
529(2),1,0.03184988413596924,0.9681501158640308
529(2),2,0.019606450645359978,0.9803935493546401
529(2),3,0.00763352141234818,0.9923664785876518
529(2),4,0.015946512955093785,0.9840534870449062
529(2),5,0.5068334763680249,0.49316652363197505
529(2),6,0.9585209374948864,0.04147906250511365
529(2),7,0.0,1.0
529(2),8,0.1366162589012827,0.8633837410987173
529(2),9,0.18354976850437638,0.8164502314956236
529(2),10,0.4386239988607009,0.5613760011392992
529(2),11,0.9786668388268971,0.021333161173103025
529(2),12,0.9742562261554901,0.025743773844509883
529(2),13,0.01629980317861295,0.9837001968213871
529(2),14,0.014608766788754637,0.9853912332112453
529(2),15,0.027610878518374685,0.9723891214816254
529(2),16,0.0,1.0
529(2),17,0.019420196543288866,0.980579803456711
529(2),18,0.0,1.0
529(2),19,0.02171710111406966,0.9782828988859303
529(2),20,0.0,1.0
529(2),21,0.01603045918700861,0.9839695408129914
529(2),22,0.0,1.0
529(2),23,0.9515597673047324,0.04844023269526766
529(2),24,0.0003650134432128032,0.9996349865567872
530(2),1,0.9193221681835313,0.08067783181646866
530(2),2,0.932962606808479,0.06703739319152102
530(2),3,0.8978650330379253,0.10213496696207475
530(2),4,0.9026581954425131,0.09734180455748688
530(2),5,0.9358373998946248,0.0641626001053753
530(2),6,0.9484379489874599,0.0515620510125401
530(2),7,0.941613249009323,0.05838675099067705
530(2),8,0.9312158860837271,0.06878411391627286
530(2),9,0.9495905397643621,0.0504094602356379
530(2),10,0.9432550660572411,0.05674493394275899
530(2),11,0.960570648961951,0.039429351038049
530(2),12,0.9384363635797183,0.061563636420281696
530(2),13,0.9535322959515545,0.04646770404844544
530(2),14,0.9210664945333095,0.07893350546669053
530(2),15,0.9031243181130328,0.0968756818869671
530(2),16,0.9196319319631177,0.08036806803688237
530(2),17,0.9367062311988529,0.06329376880114705
530(2),18,0.9415983609949525,0.05840163900504734
530(2),19,0.8436197696217156,0.15638023037828438
530(2),20,0.8974490117301855,0.10255098826981443
530(2),21,0.9531316323618771,0.046868367638122875
530(2),22,0.8799189785123895,0.12008102148761045
530(2),23,0.9233073471468687,0.07669265285313129
530(2),24,0.9478868971992124,0.05211310280078758
535,1,0.0,1.0
535,2,0.9490633293868186,0.050936670613181474
535,3,1.0,0.0
535,4,0.9642585679936095,0.03574143200639047
535,5,0.22717229110740017,0.7728277088925998
535,6,0.03845977807019256,0.9615402219298075
535,7,0.30365020137838694,0.6963497986216132
535,8,0.9351323811817794,0.06486761881822055
535,9,0.945411757905443,0.054588242094556934
535,10,0.669071895173191,0.330928104826809
535,11,0.08988318266609202,0.910116817333908
535,12,0.010246342643624434,0.9897536573563755
535,13,0.5073264692268482,0.49267353077315185
535,14,0.575340115664219,0.424659884335781
535,15,0.0,1.0
535,16,0.9616208554774157,0.038379144522584174
535,17,0.9767652961492613,0.02323470385073867
535,18,0.947355085502446,0.052644914497554034
535,19,0.37718548228237087,0.6228145177176291
535,20,0.9328588390641849,0.06714116093581513
535,21,0.03837746456889406,0.9616225354311059
535,22,0.0,1.0
535,23,0.9521296832973597,0.04787031670264033
535,24,0.02255504966738887,0.9774449503326111
601(2),1,1.0,0.0
601(2),2,0.8989665495260637,0.10103345047393632
601(2),3,0.8418225737125341,0.1581774262874659
601(2),4,0.8586464309017023,0.14135356909829766
601(2),5,0.7608467687511957,0.23915323124880422
601(2),6,0.0,1.0
601(2),7,0.8887715359682922,0.11122846403170779
601(2),8,0.8225646227826899,0.1774353772173101
601(2),9,0.8931367280426402,0.10686327195735984
601(2),10,0.9248202947540919,0.07517970524590811
601(2),11,1.0,0.0
601(2),12,0.8490789507901715,0.15092104920982852
601(2),13,0.7662850015815227,0.23371499841847723
601(2),14,0.939406341237911,0.06059365876208895
601(2),15,0.8615770447007277,0.1384229552992723
601(2),16,0.949664124457477,0.05033587554252303
601(2),17,1.0,0.0
601(2),18,0.7807462384821501,0.21925376151785
601(2),19,1.0,0.0
601(2),20,0.0,1.0
601(2),21,0.915248534120001,0.0847514658799991
601(2),22,0.9239787128445873,0.0760212871554127
601(2),23,1.0,0.0
601(2),24,0.7174871594480018,0.28251284055199816
602(2),1,0.9561712796154899,0.04382872038451023
602(2),2,0.0,1.0
602(2),3,0.0,1.0
602(2),4,0.9803517693553401,0.019648230644659904
602(2),5,0.9599742260896799,0.040025773910320146
602(2),6,0.816566764199027,0.18343323580097312
602(2),7,0.9473893156054527,0.052610684394547365
602(2),8,1.0,0.0
602(2),9,0.9397006171759761,0.06029938282402384
602(2),10,0.0,1.0
602(2),11,0.8522640697765245,0.14773593022347553
602(2),12,0.9652376860908745,0.03476231390912561
602(2),13,0.9644234806952119,0.03557651930478812
602(2),14,0.9467512484492544,0.0532487515507456
602(2),15,0.9476940503403675,0.05230594965963244
602(2),16,0.9260599071697805,0.07394009283021956
602(2),17,0.7666581319371368,0.2333418680628632
602(2),18,0.9698207472372402,0.030179252762759838
602(2),19,0.9489020103361443,0.05109798966385581
602(2),20,0.9373715383475084,0.0626284616524915
602(2),21,0.8357235356172624,0.1642764643827375
602(2),22,0.9789872418369088,0.021012758163091207
602(2),23,0.012593811137631741,0.9874061888623683
602(2),24,0.9397876536595486,0.06021234634045134
